member_id,name,constituency,party,signed_edm_since_2024_07,edms_signed_count,signed_edm_non_prayer_since_2024_07,edms_signed_non_prayer_count
4820,Abena Oppong-Asare,Erith and Thamesmead,Labour,no,0,no,0
5142,Abtisam Mohamed,Sheffield Central,Labour,yes,88,yes,88
5191,Adam Dance,Yeovil,Liberal Democrat,yes,494,yes,494
5168,Adam Jogee,Newcastle-under-Lyme,Labour,yes,229,yes,229
5044,Adam Thompson,Erewash,Labour,no,0,no,0
5231,Adnan Hussain,Blackburn,Independent,yes,70,yes,70
5320,Adrian Ramsay,Waveney Valley,Green Party,yes,725,yes,723
4671,Afzal Khan,Manchester Rusholme,Labour,yes,3,yes,3
5235,Al Carns,Birmingham Selly Oak,Labour,no,0,no,0
5288,Al Pinkerton,Surrey Heath,Liberal Democrat,yes,688,yes,688
529,Alan Campbell,Tynemouth,Labour,no,0,no,0
5185,Alan Gemmell,Central Ayrshire,Labour,yes,1,yes,1
4484,Alan Mak,Havant,Conservative,yes,3,yes,1
5080,Alan Strickland,Newton Aycliffe and Spennymoor,Labour,no,0,no,0
4439,Alberto Costa,South Leicestershire,Conservative,no,0,no,0
3997,Alec Shelbrooke,Wetherby and Easingwold,Conservative,yes,4,yes,3
5173,Alex Baker,Aldershot,Labour,no,0,no,0
5238,Alex Ballinger,Halesowen,Labour,yes,20,yes,20
5175,Alex Barros-Curtis,Cardiff West,Labour,no,0,no,0
5263,Alex Brewer,North East Hampshire,Liberal Democrat,yes,240,yes,240
4613,Alex Burghart,Brentwood and Ongar,Conservative,yes,3,yes,3
4849,Alex Davies-Jones,Pontypridd,Labour,no,0,no,0
5262,Alex Easton,North Down,Independent,yes,144,yes,139
5141,Alex Mayer,Dunstable and Leighton Buzzard,Labour,no,0,no,0
5349,Alex McIntyre,Gloucester,Labour,yes,1,yes,1
4641,Alex Norris,Nottingham North and Kimberley,Labour (Co-op),no,0,no,0
4658,Alex Sobel,Leeds Central and Headingley,Labour (Co-op),yes,16,yes,16
5133,Alice Macdonald,Norwich North,Labour (Co-op),yes,2,yes,2
4805,Alicia Kearns,Rutland and Stamford,Conservative,yes,4,yes,3
5283,Alison Bennett,Mid Sussex,Liberal Democrat,yes,147,yes,147
5203,Alison Griffiths,Bognor Regis and Littlehampton,Conservative,no,0,no,0
5254,Alison Hume,Scarborough and Whitby,Labour,yes,9,yes,9
4083,Alison McGovern,Birkenhead,Labour,no,0,no,0
5093,Alison Taylor,Paisley and Renfrewshire North,Labour,yes,16,yes,16
1442,Alistair Carmichael,Orkney and Shetland,Liberal Democrat,yes,81,yes,81
5000,Alistair Strathern,Hitchin,Labour,no,0,no,0
5334,Allison Gardner,Stoke-on-Trent South,Labour,yes,21,yes,21
5149,Amanda Hack,North West Leicestershire,Labour,yes,19,yes,19
5294,Amanda Martin,Portsmouth North,Labour,no,0,no,0
4601,Andrew Bowie,West Aberdeenshire and Kincardine,Conservative,yes,2,yes,1
5195,Andrew Cooper,Mid Cheshire,Labour,yes,1,yes,1
227,Andrew George,St Ives,Liberal Democrat,yes,711,yes,709
4874,Andrew Griffith,Arundel and South Downs,Conservative,yes,2,yes,2
5061,Andrew Lewin,Welwyn Hatfield,Labour,no,0,no,0
1211,Andrew Mitchell,Sutton Coldfield,Conservative,yes,1,yes,1
1466,Andrew Murrison,South West Wiltshire,Conservative,yes,3,yes,2
5243,Andrew Pakes,Peterborough,Labour (Co-op),no,0,no,0
5046,Andrew Ranger,Wrexham,Labour,yes,23,yes,23
1447,Andrew Rosindell,Romford,Reform UK,yes,246,yes,240
5072,Andrew Snowden,Fylde,Conservative,yes,10,yes,7
4979,Andrew Western,Stretford and Urmston,Labour,no,0,no,0
5134,Andy MacNae,Rossendale and Darwen,Labour,yes,5,yes,5
4269,Andy McDonald,Middlesbrough and Thornaby East,Labour,yes,169,yes,168
1516,Andy Slaughter,Hammersmith and Chiswick,Labour,yes,2,yes,2
491,Angela Eagle,Wallasey,Labour,no,0,no,0
4356,Angela Rayner,Ashton-under-Lyne,Labour,no,0,no,0
5362,Angus MacDonald,"Inverness, Skye and West Ross-shire",Liberal Democrat,yes,1019,yes,1019
5177,Ann Davies,Caerfyrddin,Plaid Cymru,yes,434,yes,433
5281,Anna Dixon,Shipley,Labour,yes,1,yes,1
5353,Anna Gelderd,South East Cornwall,Labour,yes,1,yes,1
4632,Anna McMorrin,Cardiff North,Labour,no,0,no,0
5286,Anna Sabine,Frome and East Somerset,Liberal Democrat,yes,195,yes,195
4449,Anna Turley,Redcar,Labour (Co-op),yes,1,yes,1
4657,Anneliese Dodds,Oxford East,Labour (Co-op),no,0,no,0
5038,Anneliese Midgley,Knowsley,Labour,yes,1,yes,1
5048,Antonia Bance,Tipton and Wednesbury,Labour,yes,1,yes,1
5241,Aphra Brandreth,Chester South and Eddisbury,Conservative,yes,9,yes,4
4790,Apsana Begum,Poplar and Limehouse,Labour,yes,335,yes,334
4981,Ashley Dalton,West Lancashire,Labour,no,0,no,0
5101,Ashley Fox,Bridgwater,Conservative,yes,8,yes,3
5357,Ayoub Khan,Birmingham Perry Barr,Independent,yes,462,yes,461
5176,Baggy Shanker,Derby South,Labour (Co-op),no,0,no,0
4610,Bambos Charalambous,Southgate and Wood Green,Labour,no,0,no,0
146,Barry Gardiner,Brent West,Labour,yes,21,yes,21
5097,Bayo Alaba,Southend East and Rochford,Labour,yes,1,yes,1
5307,Beccy Cooper,Worthing West,Labour,yes,13,yes,13
5181,Becky Gittins,Clwyd East,Labour,yes,1,yes,1
4764,Bell Ribeiro-Addy,Clapham and Brixton Hill,Labour,yes,275,yes,273
5344,Ben Coleman,Chelsea and Fulham,Labour,yes,1,yes,1
5205,Ben Goldsborough,South Norfolk,Labour,no,0,no,0
4630,Ben Lake,Ceredigion Preseli,Plaid Cymru,yes,487,yes,485
5350,Ben Maguire,North Cornwall,Liberal Democrat,yes,234,yes,234
5089,Ben Obese-Jecty,Huntingdon,Conservative,yes,8,yes,6
4785,Ben Spencer,Runnymede and Weybridge,Conservative,no,0,no,0
40,Bernard Jenkin,Harwich and North Essex,Conservative,yes,9,yes,7
4061,Bill Esterson,Sefton Central,Labour,yes,3,yes,3
5076,Blair McDougall,East Renfrewshire,Labour,yes,24,yes,24
5100,Blake Stephenson,Mid Bedfordshire,Conservative,yes,3,yes,2
4005,Bob Blackman,Harrow East,Conservative,yes,264,yes,259
5083,Bobby Dean,Carshalton and Wallington,Liberal Democrat,yes,25,yes,25
5186,Bradley Thomas,Bromsgrove,Conservative,yes,17,yes,16
4371,Brendan O'Hara,"Argyll, Bute and South Lochaber",Scottish National Party,yes,103,yes,103
5196,Brian Leishman,Alloa and Grangemouth,Labour,yes,354,yes,352
5214,Brian Mathew,Melksham and Devizes,Liberal Democrat,yes,211,yes,211
4046,Bridget Phillipson,Houghton and Sunderland South,Labour,no,0,no,0
5193,Callum Anderson,Buckingham and Bletchley,Labour,yes,2,yes,2
5346,Calum Miller,Bicester and Woodstock,Liberal Democrat,yes,230,yes,230
5054,Calvin Bailey,Leyton and Wanstead,Labour,no,0,no,0
5354,Cameron Thomas,Tewkesbury,Liberal Democrat,yes,246,yes,246
5102,Carla Denyer,Bristol Central,Green Party,yes,558,yes,556
4857,Carla Lockhart,Upper Bann,Democratic Unionist Party,yes,228,yes,222
4008,Caroline Dinenage,Gosport,Conservative,yes,2,yes,1
4592,Caroline Johnson,Sleaford and North Hykeham,Conservative,yes,5,yes,3
4048,Caroline Nokes,Romsey and Southampton North,Conservative,no,0,no,0
5216,Caroline Voaden,South Devon,Liberal Democrat,yes,215,yes,215
4480,Carolyn Harris,Neath and Swansea East,Labour,yes,3,yes,3
5293,Cat Eccles,Stourbridge,Labour,yes,119,yes,118
4436,Cat Smith,Lancaster and Wyre,Labour,yes,144,yes,144
5153,Cathal Mallaghan,Mid Ulster,Sinn Féin,no,0,no,0
5143,Catherine Atkinson,Derby North,Labour,no,0,no,0
5291,Catherine Fookes,Monmouthshire,Labour,yes,7,yes,7
4125,Catherine McKinnell,Newcastle upon Tyne North,Labour,no,0,no,0
4523,Catherine West,Hornsey and Friern Barnet,Labour,no,0,no,0
5169,Charlie Dewhirst,Bridlington and The Wolds,Conservative,yes,19,yes,17
5325,Charlie Maynard,Witney,Liberal Democrat,yes,59,yes,59
5182,Charlotte Cane,Ely and East Cambridgeshire,Liberal Democrat,yes,340,yes,340
4799,Charlotte Nichols,Warrington North,Labour,yes,38,yes,38
4124,Chi Onwurah,Newcastle upon Tyne Central and West,Labour,yes,2,yes,2
5109,Chris Bloore,Redditch,Labour,yes,27,yes,27
1446,Chris Bryant,Rhondda and Ogmore,Labour,no,0,no,0
5198,Chris Coghlan,Dorking and Horley,Liberal Democrat,yes,111,yes,111
5118,Chris Curtis,Milton Keynes North,Labour,no,0,no,0
4572,Chris Elmore,Bridgend,Labour,no,0,no,0
4040,Chris Evans,Caerphilly,Labour (Co-op),yes,1,yes,1
4636,Chris Hazzard,South Down,Sinn Féin,no,0,no,0
5244,Chris Hinchliff,North East Hertfordshire,Labour,yes,100,yes,100
5155,Chris Kane,Stirling and Strathallan,Labour,yes,36,yes,36
4403,Chris Law,Dundee Central,Scottish National Party,yes,498,yes,497
5116,Chris McDonald,Stockton North,Labour,yes,3,yes,3
5245,Chris Murray,Edinburgh East and Musselburgh,Labour,no,0,no,0
4503,Chris Philp,Croydon South,Conservative,yes,5,yes,2
5237,Chris Vince,Harlow,Labour (Co-op),yes,2,yes,2
5276,Chris Ward,Brighton Kemptown and Peacehaven,Labour,no,0,no,0
5025,Chris Webb,Blackpool South,Labour,yes,27,yes,27
4871,Christian Wakeford,Bury South,Labour,no,0,no,0
4634,Christine Jardine,Edinburgh West,Liberal Democrat,yes,608,yes,608
242,Christopher Chope,Christchurch,Conservative,yes,2,yes,2
4806,Claire Coutinho,East Surrey,Conservative,yes,4,yes,2
4827,Claire Hanna,Belfast South and Mid Down,Social Democratic & Labour Party,yes,134,yes,134
5306,Claire Hazelgrove,Filton and Bradley Stoke,Labour,no,0,no,0
5113,Claire Hughes,Bangor Aberconwy,Labour,no,0,no,0
5140,Claire Young,Thornbury and Yate,Liberal Democrat,yes,335,yes,335
394,Clive Betts,Sheffield South East,Labour,yes,20,yes,20
165,Clive Efford,Eltham and Chislehurst,Labour,yes,14,yes,14
5207,Clive Jones,Wokingham,Liberal Democrat,yes,857,yes,857
4500,Clive Lewis,Norwich South,Labour,yes,112,yes,111
4846,Colum Eastwood,Foyle,Social Democratic & Labour Party,yes,100,yes,100
5273,Connor Naismith,Crewe and Nantwich,Labour,yes,11,yes,11
5159,Connor Rand,Altrincham and Sale West,Labour,no,0,no,0
4769,Daisy Cooper,St Albans,Liberal Democrat,yes,152,yes,152
3969,Damian Hinds,East Hampshire,Conservative,yes,5,yes,1
5010,Damien Egan,Bristol North East,Labour,no,0,no,0
5172,Dan Aldridge,Weston-super-Mare,Labour,yes,2,yes,2
4651,Dan Carden,Liverpool Walton,Labour,yes,8,yes,8
4243,Dan Jarvis,Barnsley North,Labour,no,0,no,0
221,Dan Norris,North East Somerset and Hanham,Independent,no,0,no,0
5282,Dan Tomlinson,Chipping Barnet,Labour,no,0,no,0
5184,Daniel Francis,Bexleyheath and Crayford,Labour,yes,48,yes,48
4382,Daniel Zeichner,Cambridge,Labour,yes,1,yes,1
5339,Danny Beales,Uxbridge and South Ruislip,Labour,no,0,no,0
5304,Danny Chambers,Winchester,Liberal Democrat,yes,283,yes,283
4858,Danny Kruger,East Wiltshire,Reform UK,yes,5,yes,3
4621,Darren Jones,Bristol North West,Labour,no,0,no,0
5270,Darren Paffey,Southampton Itchen,Labour,yes,3,yes,3
4736,Dave Doogan,Angus and Perthshire Glens,Scottish National Party,yes,127,yes,127
5126,Dave Robertson,Lichfield,Labour,yes,21,yes,21
5092,David Baines,St Helens North,Labour,yes,6,yes,6
5106,David Burton-Sampson,Southend West and Leigh,Labour,yes,5,yes,5
5284,David Chadwick,"Brecon, Radnor and Cwm Tawe",Liberal Democrat,yes,324,yes,324
373,David Davis,Goole and Pocklington,Conservative,yes,5,yes,5
206,David Lammy,Tottenham,Labour,no,0,no,0
1512,David Mundell,"Dumfriesshire, Clydesdale and Tweeddale",Conservative,yes,18,yes,15
5360,David Pinto-Duschinsky,Hendon,Labour,yes,3,yes,3
5347,David Reed,Exmouth and Exeter East,Conservative,yes,5,yes,4
4872,David Simmonds,"Ruislip, Northwood and Pinner",Conservative,yes,4,yes,1
5218,David Smith,North Northumberland,Labour,yes,5,yes,5
5348,David Taylor,Hemel Hempstead,Labour,no,0,no,0
5151,David Williams,Stoke-on-Trent North,Labour,yes,11,yes,11
1489,Dawn Butler,Brent East,Labour,yes,61,yes,61
4212,Debbie Abrahams,Oldham East and Saddleworth,Labour,yes,8,yes,8
5075,Deirdre Costigan,Ealing Southall,Labour,no,0,no,0
429,Derek Twigg,Widnes and Halewood,Labour,yes,1,yes,1
55,Desmond Swayne,New Forest West,Conservative,yes,32,yes,27
1533,Diana Johnson,Kingston upon Hull North and Cottingham,Labour,no,0,no,0
172,Diane Abbott,Hackney North and Stoke Newington,Independent,yes,139,yes,137
632,Douglas Alexander,Lothian East,Labour (Co-op),no,0,no,0
5057,Douglas McAllister,West Dunbartonshire,Labour,yes,67,yes,67
5292,Dáire Hughes,Newry and Armagh,Sinn Féin,no,0,no,0
188,Ed Davey,Kingston and Surbiton,Liberal Democrat,yes,12,yes,12
1510,Ed Miliband,Doncaster North,Labour,no,0,no,0
4362,Edward Argar,Melton and Syston,Conservative,yes,2,yes,1
345,Edward Leigh,Gainsborough,Conservative,yes,13,yes,13
5326,Edward Morello,West Dorset,Liberal Democrat,yes,246,yes,246
5206,Elaine Stewart,"Ayr, Carrick and Cumnock",Labour,yes,33,yes,33
5249,Ellie Chowns,North Herefordshire,Green Party,yes,895,yes,893
4620,Ellie Reeves,Lewisham West and East Dulwich,Labour,no,0,no,0
5084,Elsie Blundell,Heywood and Middleton North,Labour,yes,3,yes,3
5139,Emily Darlington,Milton Keynes Central,Labour,yes,5,yes,5
1536,Emily Thornberry,Islington South and Finsbury,Labour,yes,2,yes,2
5029,Emma Foody,Cramlington and Killingworth,Labour (Co-op),no,0,no,0
4645,Emma Hardy,Kingston upon Hull West and Haltemprice,Labour,no,0,no,0
4277,Emma Lewell,South Shields,Labour,yes,54,yes,53
4077,Emma Reynolds,Wycombe,Labour,no,0,no,0
4084,Esther McVey,Tatton,Conservative,no,0,no,0
5110,Euan Stainbank,Falkirk,Labour,yes,135,yes,135
415,Fabian Hamilton,Leeds North East,Labour,yes,3,yes,3
4822,Feryal Clark,Enfield North,Labour,yes,1,yes,1
4788,Fleur Anderson,Putney,Labour,no,0,no,0
4870,Florence Eshalomi,Vauxhall and Camberwell Green,Labour (Co-op),no,0,no,0
5183,Frank McNally,Coatbridge and Bellshill,Labour,yes,18,yes,18
5174,Fred Thomas,Plymouth Moor View,Labour,yes,3,yes,3
5296,Freddie van Mierlo,Henley and Thame,Liberal Democrat,yes,303,yes,303
4804,Gagan Mohindra,South West Hertfordshire,Conservative,yes,2,yes,1
4798,Gareth Bacon,Orpington,Conservative,yes,3,yes,1
4850,Gareth Davies,Grantham and Bourne,Conservative,no,0,no,0
4595,Gareth Snell,Stoke-on-Trent Central,Labour (Co-op),no,0,no,0
177,Gareth Thomas,Harrow West,Labour (Co-op),no,0,no,0
4360,Gavin Robinson,Belfast East,Democratic Unionist Party,yes,159,yes,157
4108,Gavin Williamson,"Stone, Great Wyrley and Penkridge",Conservative,yes,24,yes,23
5011,Gen Kitchen,Wellingborough and Rushden,Labour,no,0,no,0
249,Geoffrey Clifton-Brown,North Cotswolds,Conservative,yes,1,no,0
1508,Geoffrey Cox,Torridge and Tavistock,Conservative,yes,2,yes,1
4020,George Freeman,Mid Norfolk,Conservative,yes,4,yes,2
5305,Georgia Gould,Queen's Park and Maida Vale,Labour,no,0,no,0
4501,Gerald Jones,Merthyr Tydfil and Aberdare,Labour,yes,1,yes,1
5250,Gideon Amos,Taunton and Wellington,Liberal Democrat,yes,182,yes,182
4571,Gill Furniss,Sheffield Brightside and Hillsborough,Labour,yes,18,yes,18
5104,Gill German,Clwyd North,Labour,yes,1,yes,1
5189,Gordon McKee,Glasgow South,Labour,yes,8,yes,8
5275,Graeme Downie,Dunfermline and Dollar,Labour,yes,39,yes,39
5277,Graham Leadbitter,"Moray West, Nairn and Strathspey",Scottish National Party,yes,312,yes,311
449,Graham Stringer,Blackley and Middleton South,Labour,yes,14,yes,14
1482,Graham Stuart,Beverley and Holderness,Conservative,yes,3,yes,1
3973,Grahame Morris,Easington,Labour,yes,178,yes,177
4778,Greg Smith,Mid Buckinghamshire,Conservative,yes,4,yes,1
5167,Gregor Poynton,Livingston,Labour,yes,21,yes,21
1409,Gregory Campbell,East Londonderry,Democratic Unionist Party,yes,230,yes,227
5351,Gregory Stafford,Farnham and Bordon,Conservative,yes,6,yes,4
5059,Gurinder Singh Josan,Smethwick,Labour,no,0,no,0
5148,Hamish Falconer,Lincoln,Labour,no,0,no,0
5447,Hannah Spencer,Gorton and Denton,Green Party,yes,89,yes,88
5289,Harpreet Uppal,Huddersfield,Labour,no,0,no,0
5311,Harriet Cross,Gordon and Buchan,Conservative,yes,4,yes,1
4107,Harriett Baldwin,West Worcestershire,Conservative,yes,2,yes,1
4038,Heidi Alexander,Swindon South,Labour,no,0,no,0
4018,Helen Grant,Maidstone and Malling,Conservative,yes,2,yes,2
4510,Helen Hayes,Dulwich and West Norwood,Labour,no,0,no,0
5336,Helen Maguire,Epsom and Ewell,Liberal Democrat,yes,801,yes,800
4934,Helen Morgan,North Shropshire,Liberal Democrat,yes,300,yes,300
4527,Helen Whately,Faversham and Mid Kent,Conservative,yes,4,yes,1
5192,Helena Dollimore,Hastings and Rye,Labour (Co-op),yes,3,yes,3
5121,Henry Tufnell,Mid and South Pembrokeshire,Labour,yes,5,yes,5
413,Hilary Benn,Leeds South,Labour,no,0,no,0
152,Iain Duncan Smith,Chingford and Woodford Green,Conservative,yes,8,yes,7
4831,Ian Byrne,Liverpool West Derby,Labour,yes,280,yes,279
4139,Ian Lavery,Blyth and Ashington,Labour,yes,225,yes,224
3966,Ian Murray,Edinburgh South,Labour,no,0,no,0
5138,Ian Roome,North Devon,Liberal Democrat,yes,430,yes,430
5096,Ian Sollom,St Neots and Mid Cambridgeshire,Liberal Democrat,yes,213,yes,213
5136,Imogen Walker,Hamilton and Clyde Valley,Labour,no,0,no,0
4394,Imran Hussain,Bradford East,Labour,yes,139,yes,138
5268,Iqbal Mohamed,Dewsbury and Batley,Independent,yes,286,yes,283
5145,Irene Campbell,North Ayrshire and Arran,Labour,yes,24,yes,23
5131,Jack Abbott,Ipswich,Labour (Co-op),no,0,no,0
5340,Jack Rankin,Windsor,Conservative,yes,28,yes,26
5077,Jacob Collier,Burton and Uttoxeter,Labour,yes,14,yes,14
5236,Jade Botterill,Ossett and Denby Dale,Labour,no,0,no,0
5082,Jake Richards,Rother Valley,Labour,yes,1,yes,1
5211,James Asser,West Ham and Beckton,Labour,no,0,no,0
4519,James Cartlidge,South Suffolk,Conservative,yes,2,yes,1
4366,James Cleverly,Braintree,Conservative,yes,1,yes,1
4637,James Frith,Bury North,Labour,no,0,no,0
5265,James MacCleary,Lewes,Liberal Democrat,yes,220,yes,220
5361,James McMurdock,South Basildon and East Thurrock,Independent,yes,158,yes,157
4797,James Murray,Ealing North,Labour (Co-op),no,0,no,0
5047,James Naish,Rushcliffe,Labour,no,0,no,0
4787,James Wild,North West Norfolk,Conservative,yes,3,yes,1
4612,Jamie Stone,"Caithness, Sutherland and Easter Ross",Liberal Democrat,yes,156,yes,156
4698,Janet Daby,Lewisham East,Labour,no,0,no,0
5227,Jas Athwal,Ilford South,Labour,yes,9,yes,9
5279,Jayne Kirkham,Truro and Falmouth,Labour (Co-op),yes,7,yes,7
5259,Jeevun Sandher,Loughborough,Labour,no,0,no,0
4456,Jeff Smith,Manchester Withington,Labour,no,0,no,0
5056,Jen Craft,Thurrock,Labour,yes,1,yes,1
5160,Jenny Riddell-Carpenter,Suffolk Coastal,Labour,no,0,no,0
185,Jeremy Corbyn,Islington North,Independent,yes,325,yes,324
1572,Jeremy Hunt,Godalming and Ash,Conservative,yes,3,yes,2
1560,Jeremy Wright,Kenilworth and Southam,Conservative,yes,1,yes,1
4739,Jerome Mayhew,Broadland and Fakenham,Conservative,yes,3,yes,2
5156,Jess Asato,Lowestoft,Labour,yes,13,yes,13
5335,Jess Brown-Fuller,Chichester,Liberal Democrat,yes,524,yes,524
4370,Jess Phillips,Birmingham Yardley,Labour,no,0,no,0
3991,Jesse Norman,Hereford and South Herefordshire,Conservative,yes,1,yes,1
1548,Jessica Morden,Newport East,Labour,yes,1,yes,1
5202,Jessica Toale,Bournemouth West,Labour,no,0,no,0
5356,Jim Allister,North Antrim,Traditional Unionist Voice,yes,226,yes,218
5223,Jim Dickson,Dartford,Labour,yes,8,yes,8
4569,Jim McMahon,"Oldham West, Chadderton and Royton",Labour (Co-op),yes,2,yes,2
4131,Jim Shannon,Strangford,Democratic Unionist Party,yes,2699,yes,2694
4673,Jo Platt,Leigh and Atherton,Labour (Co-op),yes,3,yes,3
4425,Jo Stevens,Cardiff East,Labour,no,0,no,0
5105,Jo White,Bassetlaw,Labour,yes,37,yes,37
5079,Joani Reid,East Kilbride and Strathaven,Independent,yes,4,yes,4
5036,Jodie Gosling,Nuneaton,Labour,yes,22,yes,22
5081,Joe Morris,Hexham,Labour,yes,2,yes,2
5229,Joe Powell,Kensington and Bayswater,Labour,no,0,no,0
5255,Joe Robertson,Isle of Wight East,Conservative,yes,7,yes,3
5063,Johanna Baxter,Paisley and Renfrewshire South,Labour,no,0,no,0
5358,John Cooper,Dumfries and Galloway,Conservative,yes,16,yes,14
4823,John Finucane,Belfast North,Sinn Féin,no,0,no,0
4051,John Glen,Salisbury,Conservative,yes,1,yes,1
5170,John Grady,Glasgow East,Labour,yes,20,yes,20
350,John Hayes,South Holland and The Deepings,Conservative,yes,17,yes,17
400,John Healey,Rawmarsh and Conisbrough,Labour,no,0,no,0
4608,John Lamont,"Berwickshire, Roxburgh and Selkirk",Conservative,yes,8,yes,7
178,John McDonnell,Hayes and Harlington,Labour,yes,658,yes,656
5329,John Milne,Horsham,Liberal Democrat,yes,126,yes,126
5127,John Slinger,Rugby,Labour,yes,12,yes,12
5342,John Whitby,Derbyshire Dales,Labour,yes,29,yes,29
39,John Whittingdale,Maldon,Conservative,yes,18,yes,15
5115,Jon Pearce,High Peak,Labour,no,0,no,0
410,Jon Trickett,Normanton and Hemsworth,Labour,yes,341,yes,340
5045,Jonathan Brash,Hartlepool,Labour,yes,14,yes,14
5256,Jonathan Davies,Mid Derbyshire,Labour,yes,3,yes,3
5264,Jonathan Hinder,Pendle and Clitheroe,Labour,yes,1,yes,1
4119,Jonathan Reynolds,Stalybridge and Hyde,Labour (Co-op),no,0,no,0
5086,Josh Babarinde,Eastbourne,Liberal Democrat,yes,119,yes,119
5187,Josh Dean,Hertford and Stortford,Labour,no,0,no,0
5295,Josh Fenton-Glynn,Calder Valley,Labour,no,0,no,0
5033,Josh MacAlister,Whitehaven and Workington,Labour,yes,3,yes,3
5034,Josh Newbury,Cannock Chase,Labour,yes,17,yes,17
5060,Josh Simons,Makerfield,Labour,no,0,no,0
5343,Joshua Reynolds,Maidenhead,Liberal Democrat,yes,489,yes,489
4759,Joy Morrissey,Beaconsfield,Conservative,yes,2,yes,1
4391,Judith Cummins,Bradford South,Labour,no,0,no,0
5171,Julia Buckley,Shrewsbury,Labour,yes,30,yes,30
4647,Julia Lopez,Hornchurch and Upminster,Conservative,yes,3,yes,2
54,Julian Lewis,New Forest East,Conservative,yes,91,yes,89
4118,Julian Smith,Skipton and Ripon,Conservative,yes,1,yes,1
5094,Julie Minns,Carlisle,Labour,yes,3,yes,3
5058,Juliet Campbell,Broxtowe,Labour,yes,2,yes,2
4418,Justin Madders,Ellesmere Port and Bromborough,Labour,no,0,no,0
5039,Kanishka Narayan,Vale of Glamorgan,Labour,yes,1,yes,1
4110,Karen Bradley,Staffordshire Moorlands,Conservative,yes,2,no,0
4444,Karin Smyth,Bristol South,Labour,no,0,no,0
4030,Karl Turner,Kingston upon Hull East,Independent,yes,9,yes,9
5224,Kate Dearden,Halifax,Labour (Co-op),no,0,no,0
4515,Kate Osamor,Edmonton and Winchmore Hill,Labour (Co-op),yes,2,yes,2
4783,Kate Osborne,Jarrow and Gateshead East,Labour,yes,183,yes,182
5285,Katie Lam,Weald of Kent,Conservative,yes,1,no,0
5260,Katie White,Leeds North West,Labour,no,0,no,0
5309,Katrina Murray,Cumbernauld and Kirkintilloch,Labour,yes,47,yes,47
4993,Keir Mather,Selby,Labour,no,0,no,0
4514,Keir Starmer,Holborn and St Pancras,Labour,no,0,no,0
4597,Kemi Badenoch,North West Essex,Conservative,yes,5,yes,1
5200,Kenneth Stevenson,Airdrie and Shotts,Labour,yes,15,yes,15
1491,Kerry McCarthy,Bristol East,Labour,no,0,no,0
5051,Kevin Bonavia,Stevenage,Labour,no,0,no,0
4474,Kevin Hollinrake,Thirsk and Malton,Conservative,yes,5,yes,1
5300,Kevin McKenna,Sittingbourne and Sheppey,Labour,no,0,no,0
4860,Kieran Mullan,Bexhill and Battle,Conservative,yes,4,yes,3
4824,Kim Johnson,Liverpool Riverside,Labour,yes,293,yes,292
4923,Kim Leadbeater,Spen Valley,Labour,yes,1,yes,1
5095,Kirith Entwistle,Bolton North East,Labour,yes,4,yes,4
5179,Kirsteen Sullivan,Bathgate and Linlithgow,Labour (Co-op),yes,201,yes,201
4357,Kirsty Blackman,Aberdeen North,Scottish National Party,yes,72,yes,71
5114,Kirsty McNeill,Midlothian,Labour (Co-op),no,0,no,0
4495,Kit Malthouse,North West Hampshire,Conservative,yes,1,yes,1
5341,Laura Kyrke-Smith,Aylesbury,Labour,no,0,no,0
4780,Laura Trott,Sevenoaks,Conservative,yes,3,yes,1
5298,Lauren Edwards,Rochester and Strood,Labour,yes,18,yes,18
5269,Lauren Sullivan,Gravesham,Labour,yes,17,yes,17
5234,Laurence Turner,Birmingham Northfield,Labour,no,0,no,0
4656,Layla Moran,Oxford West and Abingdon,Liberal Democrat,yes,130,yes,130
4743,Lee Anderson,Ashfield,Reform UK,yes,2,yes,1
5315,Lee Barron,Corby and East Northamptonshire,Labour,yes,27,yes,27
5310,Lee Dillon,Newbury,Liberal Democrat,yes,546,yes,545
5233,Lee Pitcher,Doncaster East and the Isle of Axholme,Labour,yes,9,yes,9
5290,Leigh Ingham,Stafford,Labour,yes,4,yes,4
5028,Lewis Atkinson,Sunderland Central,Labour,no,0,no,0
5050,Lewis Cocking,Broxbourne,Conservative,yes,16,yes,13
1171,Liam Byrne,Birmingham Hodge Hill and Solihull North,Labour,yes,2,yes,2
5132,Liam Conlon,Beckenham and Penge,Labour,no,0,no,0
4029,Lilian Greenwood,Nottingham South,Labour,no,0,no,0
5043,Lillian Jones,Kilmarnock and Loudoun,Labour,yes,30,yes,30
5332,Lincoln Jopp,Spelthorne,Conservative,yes,2,yes,1
467,Lindsay Hoyle,Chorley,Speaker,no,0,no,0
5107,Linsey Farnsworth,Amber Valley,Labour,yes,5,yes,5
4082,Lisa Nandy,Wigan,Labour,no,0,no,0
5070,Lisa Smart,Hazel Grove,Liberal Democrat,yes,209,yes,209
5040,Liz Jarvis,Eastleigh,Liberal Democrat,yes,468,yes,468
4026,Liz Kendall,Leicester West,Labour,no,0,no,0
4521,Liz Saville Roberts,Dwyfor Meirionnydd,Plaid Cymru,yes,445,yes,444
4618,Liz Twist,Blaydon and Consett,Labour,yes,4,yes,4
5225,Lizzi Collinge,Morecambe and Lunesdale,Labour,yes,13,yes,13
5085,Llinos Medi,Ynys Môn,Plaid Cymru,yes,433,yes,432
5217,Lloyd Hatton,South Dorset,Labour,yes,12,yes,12
5037,Lola McEvoy,Darlington,Labour,no,0,no,0
5232,Lorraine Beavers,Blackpool North and Fleetwood,Labour,yes,88,yes,88
4932,Louie French,Old Bexley and Sidcup,Conservative,yes,10,yes,6
4473,Louise Haigh,Sheffield Heeley,Labour,yes,1,yes,1
5258,Louise Sandher-Jones,North East Derbyshire,Labour,no,0,no,0
4263,Lucy Powell,Manchester Central,Labour (Co-op),yes,1,yes,1
5333,Lucy Rigby,Northampton North,Labour,no,0,no,0
5112,Luke Akehurst,North Durham,Labour,yes,85,yes,85
5199,Luke Charters,York Outer,Labour,yes,8,yes,8
4781,Luke Evans,Hinckley and Bosworth,Conservative,no,0,no,0
5248,Luke Murphy,Basingstoke,Labour,no,0,no,0
5147,Luke Myer,Middlesbrough South and East Cleveland,Labour,yes,129,yes,129
4682,Luke Pollard,Plymouth Sutton and Devonport,Labour (Co-op),no,0,no,0
5103,Luke Taylor,Sutton and Cheam,Liberal Democrat,yes,157,yes,157
5122,Manuela Perteghella,Stratford-on-Avon,Liberal Democrat,yes,330,yes,329
5272,Margaret Mullane,Dagenham and Rainham,Labour,yes,45,yes,45
483,Maria Eagle,Liverpool Garston,Labour,yes,1,yes,1
5073,Marie Goldman,Chelmsford,Liberal Democrat,yes,55,yes,55
4457,Marie Rimmer,St Helens South and Whiston,Labour,yes,22,yes,22
5098,Marie Tidball,Penistone and Stocksbridge,Labour,yes,3,yes,3
5031,Mark Ferguson,Gateshead Central and Whickham,Labour,no,0,no,0
1444,Mark Francois,Rayleigh and Wickford,Conservative,yes,1,yes,1
4074,Mark Garnier,Wyre Forest,Conservative,yes,1,no,0
473,Mark Hendrick,Preston,Labour (Co-op),yes,2,yes,2
1576,Mark Pritchard,The Wrekin,Conservative,no,0,no,0
5166,Mark Sewards,Leeds South West and Morley,Labour,no,0,no,0
1383,Mark Tami,Alyn and Deeside,Labour,no,0,no,0
5124,Markus Campbell-Savours,Penrith and Solway,Labour,yes,22,yes,22
4676,Marsha De Cordova,Battersea,Labour,no,0,no,0
5129,Martin McCluskey,Inverclyde and Renfrewshire West,Labour,no,0,no,0
5251,Martin Rhodes,Glasgow North,Labour,yes,96,yes,96
3957,Martin Vickers,Brigg and Immingham,Conservative,yes,30,yes,28
5111,Martin Wrigley,Newton Abbot,Liberal Democrat,yes,428,yes,427
1579,Mary Creagh,Coventry East,Labour,no,0,no,0
4126,Mary Glindon,Newcastle upon Tyne East and Wallsend,Labour,yes,104,yes,104
4753,Mary Kelly Foy,City of Durham,Labour,yes,371,yes,371
5323,Matt Bishop,Forest of Dean,Labour,yes,1,yes,1
4654,Matt Rodda,Reading Central,Labour,no,0,no,0
5130,Matt Turmaine,Watford,Labour,no,0,no,0
4844,Matt Vickers,Stockton West,Conservative,yes,2,yes,1
4617,Matt Western,Warwick and Leamington,Labour,yes,2,yes,2
5162,Matthew Patrick,Wirral West,Labour,yes,1,yes,1
4520,Matthew Pennycook,Greenwich and Woolwich,Labour,no,0,no,0
5137,Maureen Burke,Glasgow North East,Labour,yes,61,yes,61
5055,Max Wilkinson,Cheltenham,Liberal Democrat,yes,133,yes,133
5228,Maya Ellis,Ribble Valley,Labour,no,0,no,0
1524,Meg Hillier,Hackney South and Shoreditch,Labour (Co-op),no,0,no,0
3935,Mel Stride,Central Devon,Conservative,yes,3,yes,1
4464,Melanie Onn,Great Grimsby and Cleethorpes,Labour,yes,2,yes,2
5240,Melanie Ward,Cowdenbeath and Kirkcaldy,Labour,no,0,no,0
5099,Miatta Fahnbulleh,Peckham,Labour (Co-op),no,0,no,0
5146,Michael Payne,Gedling,Labour,yes,4,yes,4
4998,Michael Shanks,Rutherglen,Labour,no,0,no,0
5242,Michael Wheeler,Worsley and Eccles,Labour,no,0,no,0
5049,Michelle Scrogham,Barrow and Furness,Labour,yes,9,yes,9
5226,Michelle Welsh,Sherwood Forest,Labour,yes,17,yes,17
4316,Mike Kane,Wythenshawe and Sale East,Labour,no,0,no,0
5219,Mike Martin,Tunbridge Wells,Liberal Democrat,yes,74,yes,74
5316,Mike Reader,Northampton South,Labour,no,0,no,0
5266,Mike Tapp,Dover and Deal,Labour,no,0,no,0
4384,Mike Wood,Kingswinford and South Staffordshire,Conservative,yes,3,yes,1
4513,Mims Davies,East Grinstead and Uckfield,Conservative,yes,7,yes,5
4598,Mohammad Yasin,Bedford,Labour,yes,56,yes,56
5299,Monica Harding,Esher and Walton,Liberal Democrat,yes,119,yes,119
4776,Munira Wilson,Twickenham,Liberal Democrat,yes,137,yes,137
4869,Nadia Whittome,Nottingham East,Labour,yes,168,yes,167
5053,Natalie Fleet,Bolsover,Labour,yes,2,yes,2
5119,Natasha Irons,Croydon East,Labour,yes,6,yes,6
5215,Naushabah Khan,Gillingham and Rainham,Labour,yes,1,yes,1
4811,Navendu Mishra,Stockport,Labour,yes,8,yes,8
4409,Naz Shah,Bradford West,Labour,yes,4,yes,4
4368,Neil Coyle,Bermondsey and Old Southwark,Labour,no,0,no,0
5359,Neil Duncan-Jordan,Poole,Labour,yes,493,yes,491
4853,Neil Hudson,Epping Forest,Conservative,yes,8,yes,3
4679,Neil O'Brien,"Harborough, Oadby and Wigston",Conservative,yes,1,no,0
5197,Neil Shastri-Hurst,Solihull West and Shirley,Conservative,yes,3,no,0
5180,Nesil Caliskan,Barking,Labour,no,0,no,0
1541,Nia Griffith,Llanelli,Labour,no,0,no,0
4056,Nicholas Dakin,Scunthorpe,Labour,no,0,no,0
3928,Nick Smith,Blaenau Gwent and Rhymney,Labour,yes,1,yes,1
4479,Nick Thomas-Symonds,Torfaen,Labour,no,0,no,0
5062,Nick Timothy,West Suffolk,Conservative,yes,3,yes,1
5091,Nigel Farage,Clacton,Reform UK,yes,8,yes,6
4407,Nigel Huddleston,Droitwich and Evesham,Conservative,yes,1,yes,1
5302,Noah Law,St Austell and Newquay,Labour,yes,4,yes,4
4460,Nusrat Ghani,Sussex Weald,Conservative,no,0,no,0
4441,Oliver Dowden,Hertsmere,Conservative,no,0,no,0
5135,Oliver Ryan,Burnley,Labour (Co-op),yes,9,yes,9
5337,Olivia Bailey,Reading West and Mid Berkshire,Labour,no,0,no,0
4864,Olivia Blake,Sheffield Hallam,Labour,yes,78,yes,77
5318,Olly Glover,Didcot and Wantage,Liberal Democrat,yes,180,yes,180
5042,Pam Cox,Colchester,Labour,no,0,no,0
3909,Pamela Nash,"Motherwell, Wishaw and Carluke",Labour,no,0,no,0
5261,Pat Cullen,Fermanagh and South Tyrone,Sinn Féin,no,0,no,0
1587,Pat McFadden,Wolverhampton South East,Labour,no,0,no,0
5190,Patricia Ferguson,Glasgow West,Labour,yes,169,yes,169
5052,Patrick Hurley,Southport,Labour,no,0,no,0
5303,Patrick Spencer,Central Suffolk and North Ipswich,Independent,yes,8,yes,6
5317,Paul Davies,Colne Valley,Labour,yes,8,yes,8
5074,Paul Foster,South Ribble,Labour,yes,10,yes,10
4803,Paul Holmes,Hamble Valley,Conservative,yes,9,yes,6
5321,Paul Kohler,Wimbledon,Liberal Democrat,yes,151,yes,151
4245,Paul Maskey,Belfast West,Sinn Féin,no,0,no,0
5071,Paul Waugh,Rochdale,Labour (Co-op),no,0,no,0
4828,Paula Barker,Liverpool Wavertree,Labour,yes,14,yes,14
4938,Paulette Hamilton,Birmingham Erdington,Labour,yes,6,yes,6
5208,Perran Moon,Camborne and Redruth,Labour,yes,3,yes,3
1440,Pete Wishart,Perth and Kinross-shire,Scottish National Party,yes,84,yes,84
5330,Peter Bedford,Mid Leicestershire,Conservative,yes,25,yes,24
4397,Peter Dowd,Bootle,Labour,yes,2,yes,2
5209,Peter Fortune,Bromley and Biggin Hill,Conservative,yes,3,yes,2
4505,Peter Kyle,Hove and Portslade,Labour,no,0,no,0
5345,Peter Lamb,Crawley,Labour,yes,150,yes,150
5163,Peter Prinsley,Bury St Edmunds and Stowmarket,Labour,yes,31,yes,31
5165,Peter Swallow,Bracknell,Labour,yes,17,yes,17
5128,Phil Brickell,Bolton West,Labour,no,0,no,0
5078,Pippa Heylings,South Cambridgeshire,Liberal Democrat,yes,378,yes,378
5123,Polly Billington,East Thanet,Labour,yes,1,yes,1
4603,Preet Kaur Gill,Birmingham Edgbaston,Labour (Co-op),no,0,no,0
4066,Priti Patel,Witham,Conservative,yes,1,yes,1
4471,Rachael Maskell,York Central,Labour (Co-op),yes,817,yes,816
5257,Rachel Blake,Cities of London and Westminster,Labour (Co-op),yes,2,yes,2
5252,Rachel Gilmour,Tiverton and Minehead,Liberal Democrat,yes,164,yes,164
4873,Rachel Hopkins,Luton South and South Bedfordshire,Labour,no,0,no,0
4031,Rachel Reeves,Leeds West and Pudsey,Labour,no,0,no,0
5065,Rachel Taylor,North Warwickshire and Bedworth,Labour,yes,6,yes,6
3948,Rebecca Harris,Castle Point,Conservative,yes,4,yes,1
4396,Rebecca Long Bailey,Salford,Labour,yes,122,yes,121
5297,Rebecca Paul,Reigate,Conservative,yes,5,yes,3
5301,Rebecca Smith,South West Devon,Conservative,yes,7,yes,3
5253,Richard Baker,Glenrothes and Mid Fife,Labour,yes,49,yes,49
4493,Richard Burgon,Leeds East,Labour,yes,444,yes,443
4942,Richard Foord,Honiton and Sidmouth,Liberal Democrat,yes,154,yes,154
3912,Richard Fuller,North Bedfordshire,Conservative,yes,1,yes,1
4813,Richard Holden,Basildon and Billericay,Conservative,yes,8,yes,5
5144,Richard Quigley,Isle of Wight West,Labour,yes,17,yes,17
5161,Richard Tice,Boston and Skegness,Reform UK,yes,9,yes,7
4483,Rishi Sunak,Richmond and Northallerton,Conservative,yes,1,no,0
4861,Robbie Moore,Keighley and Ilkley,Conservative,yes,2,yes,1
4320,Robert Jenrick,Newark,Reform UK,yes,9,yes,8
5319,Robin Swann,South Antrim,Ulster Unionist Party,yes,118,yes,117
87,Roger Gale,Herne Bay and Sandwich,Conservative,yes,2,yes,1
4573,Rosena Allin-Khan,Tooting,Labour,no,0,no,0
4616,Rosie Duffield,Canterbury,Independent,yes,18,yes,18
5331,Rosie Wrighting,Kettering,Labour,yes,1,yes,1
5352,Roz Savage,South Cotswolds,Liberal Democrat,yes,437,yes,437
4511,Rupa Huq,Ealing Central and Acton,Labour,yes,2,yes,2
5158,Rupert Lowe,Great Yarmouth,Restore Britain,yes,50,yes,49
4138,Rushanara Ali,Bethnal Green and Stepney,Labour,no,0,no,0
4389,Ruth Cadbury,Brentford and Isleworth,Labour,yes,2,yes,2
4716,Ruth Jones,Newport West and Islwyn,Labour,yes,36,yes,36
5312,Sadik Al-Hassan,North Somerset,Labour,yes,19,yes,19
5178,Sally Jameson,Doncaster Central,Labour (Co-op),no,0,no,0
5308,Sam Carling,North West Cambridgeshire,Labour,no,0,no,0
5108,Sam Rushworth,Bishop Auckland,Labour,yes,16,yes,16
4976,Samantha Dixon,Chester North and Neston,Labour,no,0,no,0
5150,Samantha Niblett,South Derbyshire,Labour,yes,3,yes,3
1593,Sammy Wilson,East Antrim,Democratic Unionist Party,yes,121,yes,115
4818,Saqib Bhatti,Meriden and Solihull East,Conservative,yes,6,yes,4
5355,Sarah Bool,South Northamptonshire,Conservative,yes,4,yes,1
4267,Sarah Champion,Rotherham,Labour,no,0,no,0
5088,Sarah Coombes,West Bromwich,Labour,no,0,no,0
4995,Sarah Dyke,Glastonbury and Somerton,Liberal Democrat,yes,1033,yes,1033
5001,Sarah Edwards,Tamworth,Labour,yes,8,yes,8
5239,Sarah Gibson,Chippenham,Liberal Democrat,yes,298,yes,298
4918,Sarah Green,Chesham and Amersham,Liberal Democrat,yes,83,yes,83
5154,Sarah Hall,Warrington South,Labour (Co-op),yes,13,yes,13
4631,Sarah Jones,Croydon West,Labour,no,0,no,0
4591,Sarah Olney,Richmond Park,Liberal Democrat,yes,118,yes,118
4777,Sarah Owen,Luton North,Labour,no,0,no,0
5403,Sarah Pochin,Runcorn and Helsby,Reform UK,yes,6,yes,5
5324,Sarah Russell,Congleton,Labour,yes,6,yes,6
5204,Sarah Sackman,Finchley and Golders Green,Labour,no,0,no,0
5117,Sarah Smith,Hyndburn,Labour,yes,2,yes,2
5271,Satvir Kaur,Southampton Test,Labour,yes,1,yes,1
5212,Scott Arthur,Edinburgh South West,Labour,yes,119,yes,119
5280,Seamus Logan,Aberdeenshire North and Moray East,Scottish National Party,yes,207,yes,205
5328,Sean Woodcock,Banbury,Labour,yes,2,yes,2
4253,Seema Malhotra,Feltham and Heston,Labour (Co-op),no,0,no,0
3914,Shabana Mahmood,Birmingham Ladywood,Labour,no,0,no,0
1521,Sharon Hodgson,Washington and Gateshead South,Labour,yes,17,yes,17
5041,Shaun Davies,Telford,Labour,no,0,no,0
5068,Shivani Raja,Leicester East,Conservative,yes,10,yes,9
5120,Shockat Adam,Leicester South,Independent,yes,377,yes,376
4494,Simon Hoare,North Dorset,Conservative,yes,6,yes,6
4943,Simon Lightwood,Wakefield and Rothwell,Labour (Co-op),no,0,no,0
5030,Simon Opher,Stroud,Labour,yes,91,yes,91
193,Siobhain McDonagh,Mitcham and Morden,Labour,yes,6,yes,6
5314,Siân Berry,Brighton Pavilion,Green Party,yes,716,yes,714
5247,Sojan Joseph,Ashford,Labour,yes,12,yes,12
5274,Sonia Kumar,Dudley,Labour,yes,4,yes,4
5125,Sorcha Eastwood,Lagan Valley,Alliance,yes,116,yes,116
5164,Steff Aquarone,North Norfolk,Liberal Democrat,yes,136,yes,135
4088,Stella Creasy,Walthamstow,Labour (Co-op),yes,1,yes,1
4607,Stephanie Peacock,Barnsley South,Labour,no,0,no,0
4264,Stephen Doughty,Cardiff South and Penarth,Labour (Co-op),no,0,no,0
4735,Stephen Flynn,Aberdeen South,Scottish National Party,yes,45,yes,45
4434,Stephen Gethins,Arbroath and Broughty Ferry,Scottish National Party,yes,101,yes,101
4359,Stephen Kinnock,Aberafan Maesteg,Labour,no,0,no,0
4653,Stephen Morgan,Portsmouth South,Labour,no,0,no,0
163,Stephen Timms,East Ham,Labour,no,0,no,0
4095,Steve Barclay,North East Cambridgeshire,Conservative,yes,1,yes,1
5066,Steve Darling,Torbay,Liberal Democrat,yes,428,yes,428
5064,Steve Race,Exeter,Labour,yes,9,yes,9
4268,Steve Reed,Streatham and Croydon North,Labour (Co-op),no,0,no,0
5221,Steve Witherden,Montgomeryshire and Glyndŵr,Labour,yes,208,yes,207
5194,Steve Yemm,Mansfield,Labour,yes,2,yes,2
4742,Stuart Anderson,South Shropshire,Conservative,yes,1,no,0
4032,Stuart Andrew,Daventry,Conservative,yes,4,yes,3
4475,Suella Braverman,Fareham and Waterlooville,Reform UK,yes,3,yes,1
5152,Sureena Brackenridge,Wolverhampton North East,Labour,no,0,no,0
5157,Susan Murray,Mid Dunbartonshire,Liberal Democrat,yes,160,yes,160
4747,Tahir Ali,Birmingham Hall Green and Moseley,Labour,yes,24,yes,24
4779,Taiwo Owatemi,Coventry North West,Labour,yes,1,yes,1
4638,Tanmanjeet Singh Dhesi,Slough,Labour,no,0,no,0
5338,Terry Jermy,South West Norfolk,Labour,yes,3,yes,3
4089,Tessa Munt,Wells and Mendip Hills,Liberal Democrat,yes,104,yes,104
1591,Tim Farron,Westmorland and Lonsdale,Liberal Democrat,yes,129,yes,129
5287,Tim Roca,Macclesfield,Labour,yes,16,yes,16
3952,Toby Perkins,Chesterfield,Labour,yes,18,yes,18
5087,Tom Collins,Worcester,Labour,no,0,no,0
5032,Tom Gordon,Harrogate and Knaresborough,Liberal Democrat,yes,307,yes,307
5210,Tom Hayes,Bournemouth East,Labour,yes,7,yes,7
5090,Tom Morrison,Cheadle,Liberal Democrat,yes,284,yes,284
5222,Tom Rutland,East Worthing and Shoreham,Labour,no,0,no,0
4462,Tom Tugendhat,Tonbridge,Conservative,yes,1,yes,1
4623,Tonia Antoniazzi,Gower,Labour,yes,61,yes,61
5067,Tony Vaughan,Folkestone and Hythe,Labour,yes,16,yes,16
5246,Torcuil Crichton,Na h-Eileanan an Iar,Labour,yes,15,yes,15
5069,Torsten Bell,Swansea West,Labour,no,0,no,0
5188,Tracy Gilbert,Edinburgh North and Leith,Labour,yes,47,yes,47
5220,Tristan Osborne,Chatham and Aylesford,Labour,yes,120,yes,120
4518,Tulip Siddiq,Hampstead and Highgate,Labour,yes,1,yes,1
5278,Uma Kumaran,Stratford and Bow,Labour,no,0,no,0
4076,Valerie Vaz,Walsall and Bloxwich,Labour,yes,35,yes,35
4491,Vicky Foxcroft,Lewisham North,Labour,yes,5,yes,5
4399,Victoria Atkins,Louth and Horncastle,Conservative,yes,3,yes,1
5201,Victoria Collins,Harpenden and Berkhamsted,Liberal Democrat,yes,204,yes,204
5327,Vikki Slade,Mid Dorset and North Poole,Liberal Democrat,yes,318,yes,318
5230,Warinder Juss,Wolverhampton West,Labour,yes,1,yes,1
4765,Wendy Chamberlain,North East Fife,Liberal Democrat,yes,520,yes,520
4358,Wendy Morton,Aldridge-Brownhills,Conservative,yes,5,yes,2
4602,Wera Hobhouse,Bath,Liberal Democrat,yes,720,yes,719
4504,Wes Streeting,Ilford North,Labour,no,0,no,0
5322,Will Forster,Woking,Liberal Democrat,yes,434,yes,433
5035,Will Stone,Swindon North,Labour,yes,35,yes,35
3924,Yasmin Qureshi,Bolton South and Walkden,Labour,yes,13,yes,13
5267,Yuan Yang,Earley and Woodley,Labour,yes,1,yes,1
420,Yvette Cooper,"Pontefract, Castleford and Knottingley",Labour,no,0,no,0
4786,Zarah Sultana,Coventry South,Your Party,yes,5,yes,5
5213,Zubir Ahmed,Glasgow South West,Labour,yes,2,yes,2
5313,Zöe Franklin,Guildford,Liberal Democrat,yes,373,yes,372
4697,Órfhlaith Begley,West Tyrone,Sinn Féin,no,0,no,0
